USE ENTV
GO

INSERT INTO Staff VALUES 
('ST001', 'Steven Irawan', 'stevenirawan@gmail.com', 'Male', '+6282291821322', '69 A Street', 1250000, '2000-11-29'),
('ST002', 'Gregorius Vinz', 'georgiusvinz@gmail.com', 'Male', '+6287711709009', '79 B Street', 2300000, '2000-12-20'),
('ST003', 'Natasya Michelle', 'mnbhy@gmail.com', 'Female', '+6285584160366', '89 C Street', 1300000, '1999-10-22'),
('ST004', 'Christopher Michael', 'chrismike12@yahoo.com', 'Male', '+6288543841233', '99 D Street', 3050000, '1994-09-01'),
('ST005', 'Sapto Yohannes', 'sapto133332@yahoo.com', 'Male', '+6288166688322', '109 E Street', 1700000, '1990-08-28'),
('ST006', 'Suhardi Nicholas', 'suhardihi88@yahoo.com', 'Male', '+6281546282772', '119 F Street', 2050000, '1999-06-24'),
('ST007', 'Nani Cliffy', 'nanidesukacliffy@gmail.com', 'Male', '+6285070597892', '129 G Street', 3150000, '1995-04-04'),
('ST008', 'Winston Reynald', 'winstonwinston22@gmail.com', 'Male', '+6281620905744', '139 H Street', 1200000, '1998-01-08'),
('ST009', 'Halim Andre', 'halimbijak42@gmail.com', 'Male', '+6287347940883', '149 I Street', 20500000, '1996-01-07'),
('ST010', 'Rocky Stella', 'stellanrocky@yahoo.com', 'Male', '+6287145316757', '159 J Street', 3220000, '2000-03-21'),
('ST011', 'Stoff Uber', 'stoffuber1@yahoo.com', 'Male', '+6288743923535', '169 K Street', 1220000, '2000-10-29'),
('ST012', 'Christabel Kelly', 'christabelz_1998@yahoo.com', 'Female', '+6286942082660', '179 L Street', 1520000, '1989-07-30'),
('ST013', 'Ronaldo Christianto', 'ronaldoc45@gmail.com', 'Male', '+62891076451144', '189 M Street', 1630000, '1997-12-31'),
('ST014', 'Naomi Haniel', 'xxNaomixx@gmail.com', 'Female', '+6282393429977', '199 N Street', 1210000, '1998-08-05'),
('ST015', 'Shannon Devina', 'shannonYT_99@gmail.com', 'Female', '+6286969694204', '420 O Street', 2450000, '1999-02-27');

INSERT INTO Customer VALUES 
('CU001', 'Bruce Wayne', 'bwayne@gmail.com', 'Male', '+6281234567823', '74 A Street', '2000-10-29'),
('CU002', 'Mary Jane', 'mjane@gmail.com', 'Female', '+6282198765445', '74 L Street', '1990-10-29'),
('CU003', 'Lucy Brown', 'lbrown@yahoo.com', 'Female', '+6285122352653', '74 B Street', '2001-10-29'),
('CU004', 'Diluc Ragnvindr', 'dragnvindr@yahoo.com', 'Male', '+6281232123525', '74 K Street', '1991-10-29'),
('CU005', 'Byrd Davison', 'bdavidson@gmail.com', 'Male', '+6281231235144', '74 C Street', '2002-10-29'),
('CU006', 'Amisha Alford', 'aalford@gmail.com', 'Female', '+6283523434565', '74 J Street', '1992-10-29'),
('CU007', 'Gianluca Wallis', 'gwallis@yahoo.com', 'Female', '+6289531935131', '74 D Street', '2003-10-29'),
('CU008', 'Kaeya Alberich', 'kalberich@yahoo.com', 'Male', '+6281923371643', '74 I Street', '1993-10-29'),
('CU009', 'Daniel Mckay', 'dmckay@gmail.com', 'Male', '+6281944471662', '74 E Street', '2004-10-29'),
('CU010', 'Adrianna Fry', 'afry@gmail.com', 'Female', '+6282180864628', '74 C Street', '1994-10-29'),
('CU011', 'Jibril Gilmore', 'jgilmore@yahoo.com', 'Female', '+6287841523005', '74 F Street', '2005-10-29'),
('CU012', 'Jean Hillgindr', 'jhillgindr@yahoo.com', 'Female', '+6281895690641', '74 B Street', '1995-10-29'),
('CU013', 'Ayato Yuki', 'ayuki@gmail.com', 'Male', '+6281250274841', '74 G Street', '2006-10-29'),
('CU014', 'Reagan Tanner', 'rtanner@gmail.com', 'Male', '+6283837289368', '74 A Street', '1996-10-29'),
('CU015', 'Niki Reagan', 'nreagan@yahoo.com', 'Female', '+6285602693438', '74 H Street', '1989-10-29');

INSERT INTO Vendor VALUES
('VE001', 'Nuansa Electronic', 'nuansaelectronic@gmail.com', '083149029585', '74 Andalan Street'),
('VE002', 'Bambang electronic', 'bambangelectronic@gmail.com', '089500843560', '78 Berantan Street'),
('VE003', 'Electronic Solution', 'electronicsolution@gmail.com', '088385167601', '79 Caliban Street'),
('VE004', 'All Tech Shop', 'ATS@gmail.com', '085329106297', '81 Dimin Street'),
('VE005', 'Jakarta Electronic', 'jakartaelectronic@gmail.com', '089257483701', '12 Enggang Street'),
('VE006', 'PT. Sukamundur Electronic', 'sukamundurelectronic@gmail.com', '082803682788', '14 Fahrenheit Street'),
('VE007', 'PT. Jaya Rejeki Makmur Electronic', 'jrmelectronic@gmail.com', '085326545404', '90 Great Street'),
('VE008', 'Sukamaju Electronic', 'sukamajuelectronic@gmail.com', '083885555647', '72 Howitzer Street'),
('VE009', 'Sasada Electronic', 'sasadaelectronic@gmail.com', '082274562515', '24 Indo Street'),
('VE010', 'Orenji Electronic', 'orenjielectronic@gmail.com', '086282364527', '45 Jakarta Street'),
('VE011', 'Pelindo Jaya Electronic', 'pjelectronic@gmail.com', '083661159155', '23 Kalimantan Street'),
('VE012', 'Biscoff Electronic', 'biscoffelectronic@gmail.com', '083811101972', '17 Liben Street'),
('VE013', 'Yabai Electronic', 'yabaielectronic@gmail.com', '088284164140', '69 Mai Street'),
('VE014', 'PT. Poco Poco', 'pocopoco@gmail.com', '088487290252', '26 Nice Street'),
('VE015', 'Velozity Electronic', 'velozityelectronic@gmail.com', '086780165068', '66 Oishi Street');

INSERT INTO Brand VALUES
('TB001', 'Samsung'),
('TB002', 'LG Electronics'),
('TB003', 'Sharp'),
('TB004', 'Sony'),
('TB005', 'Panasonic'),
('TB006', 'Philip'),
('TB007', 'Xiaomi'),
('TB008', 'Polytron'),
('TB009', 'Toshiba'),
('TB010', 'TUF'),
('TB011', 'Changhong'),
('TB012', 'Akari'),
('TB013', 'Tyson'),
('TB014', 'Hitachi'),
('TB015', 'AOC');

INSERT INTO Television VALUES
('TE001', 'TB002', 'LG LCD TV 32 inch', 3500000),
('TE002', 'TB003', 'Sharp LED TV 55 inch', 5000000),
('TE003', 'TB013', 'Tyson LCD TV 60 inch', 6500000),
('TE004', 'TB011', 'Changhong Smart TV UHD 55 inch', 5900000),
('TE005', 'TB014', 'Hitachi LCD Smart TV 32 inch', 4000000),
('TE006', 'TB003', 'Sharp Smart TV UHD 60 inch', 5900000),
('TE007', 'TB015', 'AOC Crystal UHD TV 55 inch', 7500000),
('TE008', 'TB004', 'Sony Android TV 55 inch', 4500000),
('TE009', 'TB010', 'TUF LCD TV 25 inch', 1200000),
('TE010', 'TB005', 'Panasonic Android TV 60 inch', 5600000),
('TE011', 'TB008', 'Polytron LED TV 32 inch', 4350000),
('TE012', 'TB012', 'Akari LED TV 32 inch', 3250000),
('TE013', 'TB001', 'Samsung UHD 4K Curved Smart TV 55 inch', 19590000),
('TE014', 'TB009', 'Toshiba UHD 4K Smart TV 55 inch', 17800000),
('TE015', 'TB007', 'Xiaomi Mi TV 4 55 inch', 17500000);

INSERT INTO PurchaseTransaction VALUES
('PE001', 'ST015', 'VE002', '2019-09-06'),
('PE002', 'ST013', 'VE013', '2019-12-18'),
('PE003', 'ST011', 'VE007', '2019-08-04'),
('PE004', 'ST009', 'VE011', '2020-01-01'),
('PE005', 'ST007', 'VE010', '2019-06-22'),
('PE006', 'ST005', 'VE014', '2019-06-04'),
('PE007', 'ST003', 'VE008', '2020-03-18'),
('PE008', 'ST001', 'VE009', '2019-05-31'),
('PE009', 'ST014', 'VE001', '2019-08-22'),
('PE010', 'ST012', 'VE012', '2019-07-28'),
('PE011', 'ST010', 'VE005', '2019-06-13'),
('PE012', 'ST008', 'VE004', '2020-04-28'),
('PE013', 'ST006', 'VE015', '2020-02-19'),
('PE014', 'ST004', 'VE006', '2019-12-15'),
('PE015', 'ST002', 'VE003', '2019-06-05');

INSERT INTO PurchaseTransactionDetail VALUES
('PE001', 'TE002', 18),
('PE001', 'TE005', 21),
('PE002', 'TE013', 40),
('PE002', 'TE014', 16),
('PE003', 'TE005', 21),
('PE003', 'TE004', 18),
('PE004', 'TE009', 32),
('PE004', 'TE015', 25),
('PE005', 'TE014', 20),
('PE005', 'TE012', 26),
('PE006', 'TE003', 30),
('PE006', 'TE002', 21),
('PE007', 'TE001', 28),
('PE007', 'TE011', 50),
('PE008', 'TE013', 42),
('PE008', 'TE006', 25),
('PE009', 'TE015', 30),
('PE009', 'TE010', 18),
('PE010', 'TE001', 40),
('PE010', 'TE007', 19),
('PE011', 'TE001', 54),
('PE012', 'TE010', 32),
('PE013', 'TE008', 41),
('PE014', 'TE013', 52),
('PE015', 'TE008', 53);

INSERT INTO SalesTransaction VALUES
('SA001', 'ST003', 'CU002', '2021-04-14'),
('SA002', 'ST002', 'CU015', '2020-09-03'),
('SA003', 'ST006', 'CU003', '2021-03-12'),
('SA004', 'ST013', 'CU014', '2020-06-06'),
('SA005', 'ST015', 'CU005', '2020-11-20'),
('SA006', 'ST007', 'CU008', '2021-04-25'),
('SA007', 'ST004', 'CU007', '2020-10-06'),
('SA008', 'ST011', 'CU010', '2020-08-20'),
('SA009', 'ST005', 'CU011', '2020-12-30'),
('SA010', 'ST010', 'CU006', '2020-08-03'),
('SA011', 'ST012', 'CU013', '2020-08-08'),
('SA012', 'ST014', 'CU012', '2021-05-18'),
('SA013', 'ST001', 'CU001', '2020-11-06'),
('SA014', 'ST008', 'CU011', '2020-09-27'),
('SA015', 'ST009', 'CU004', '2020-10-29');

INSERT INTO SalesTransactionDetail VALUES
('SA001', 'TE002', 2),
('SA001', 'TE011', 6),
('SA002', 'TE005', 3),
('SA002', 'TE015', 3),
('SA003', 'TE013', 5),
('SA003', 'TE006', 1),
('SA004', 'TE014', 7),
('SA004', 'TE010', 8),
('SA005', 'TE005', 9),
('SA005', 'TE015', 6),
('SA006', 'TE004', 2),
('SA006', 'TE007', 4),
('SA007', 'TE009', 3),
('SA007', 'TE014', 2),
('SA008', 'TE015', 5),
('SA008', 'TE001', 9),
('SA009', 'TE014', 7),
('SA009', 'TE013', 6),
('SA010', 'TE012', 9),
('SA010', 'TE008', 3),
('SA011', 'TE003', 2),
('SA012', 'TE010', 9),
('SA013', 'TE002', 3),
('SA014', 'TE013', 7),
('SA015', 'TE001', 5);